Index,KernelName,gpu-id
0,Cijk_Ailk_Bljk_SB_MT128x64x16_MI32x32x2x1_SN_1LDSB1_APM1_ABV0_ACED0_AF0EM1_AF1EM1_AMAS3_ASE_ASGT_ASLT_ASAE01_ASCE01_ASEM1_AAC0_BL1_BS1_DTL0_DTVA0_DVO0_ETSP_EPS0_FL0_GRPM1_GRVW4_GSU1_GSUASB_GLS0_ISA90a_IU1_K1_KLA_LBSPP128_LPA0_LPB4_LDL1_LRVW2_LWPMn1_LDW0_MAC_MIAV0_MDA2_MO40_NTA0_NTB0_NTC0_NTD0_NEPBS1_NLCA1_NLCB1_ONLL1_OPLV0_PK0_PAP0_PGR2_PLR9_RK0_SIA3_SS1_SU0_SUM0_SUS0_SCIUI1_SPO0_SRVW0_SSO0_SVW2_SNLL0_TT2_32_TLDS1_USFGROn1_VAW1_VSn1_VW2_WSGRA1_WSGRB1_WS64_WG64_4_1_WGM5.kd,2
1,"simt_gemm_hidet_kernelv2(float const*, float const*, float*, int, int, int) ",2
2,"void kernel_gemm_xdl_cshuffle_v1<GridwiseGemm_k0mk1_k0nk1_mn_xdl_cshuffle_v1, true>(GridwiseGemm_k0mk1_k0nk1_mn_xdl_cshuffle_v1<RowMajor, RowMajor, RowMajor, float, float, float, float, float, PassThrough, PassThrough, PassThrough, (GemmSpecialization)0, (InMemoryDataOperationEnum)0, 1, 256, 128, 128, 16, 4, 1, 32, 32, 2, 2, Sequence, Sequence, Sequence, 2, 4, 4, false, 1, Sequence, Sequence, Sequence, 1, 4, 1, false, 0, 1, 1, Sequence, 4, (LoopScheduler)0, (PipelineVersion)0, float, Argument) ",2
3,_ZN2ck19kernel_gemm_dl_v1r3INS_28GridwiseGemmDl_km_kn_mn_v1r3ILi256EfffLNS_25InMemoryDataOperationEnumE0ENS_16TensorDescriptorINS_5TupleIJNS_5EmbedINS4_IJiiEEENS4_IJiNS_17integral_constantIiLi1EEEEEELb0EEENS_7UnMergeIS9_Lb0EEENS_11PassThroughIiEEEEENS4_IJNS_8SequenceIJLi0EEEENSG_IJLi2EEEENSG_IJLi1EEEEEEENS4_IJNSG_IJLi1ELi2EEEENSG_IJLi3ELi4EEEENSG_IJLi5EEEEEEENSG_IJLi3ELi5ELi4EEEElEENS3_ISF_NS4_IJSH_SJ_SI_EEESO_SP_lEENS3_INS4_IJSA_SE_SE_EEESR_NS4_IJSL_NSG_IJLi3EEEENSG_IJLi4EEEEEEESM_lEELi128ELi128ELi16ELi1ELi4ELi4ELi1ENSG_IJLi8ELi2EEEESY_NSG_IJLi8ELi1ELi1ELi1EEEENSG_IJLi2ELi1ELi128ELi1EEEENSG_IJLi1ELi2ELi0ELi3EEEES11_NSG_IJLi4ELi1ELi1ELi1EEEES11_NSG_IJLi1ELi1ELi1ELi1EEEENSG_IJLi2ELi1ELi4ELi1EEEENSG_IJLi8ELi1ELi32ELi1EEEENSG_IJLi0ELi3ELi1ELi2EEEES16_NSG_IJLi1ELi1ELi4ELi1EEEES16_S17_NSG_IJLi0ELi1ELi2ELi3ELi4ELi5EEEELi5ELi4EEEffNS3_INS4_IJSA_SC_SE_SE_NSB_INS4_IJiNS7_IiLi128EEEEEELb0EEENSD_IS8_EEEEENS4_IJSH_SI_SJ_SU_SN_SV_EEENS4_IJSL_SM_SN_NSG_IJLi6EEEENSG_IJLi7ELi8EEEENSG_IJLi9EEEEEEENSG_IJLi6ELi7ELi8ELi9EEEElEENS3_IS1E_NS4_IJSH_SJ_SI_SU_SN_SV_EEES1J_S1K_lEENS3_INS4_IJSA_SE_SE_NSB_INS4_IJiNS7_IiLi2EEENS7_IiLi64EEEEEELb0EEES1R_EEENS4_IJSH_SJ_SI_SU_SV_EEENS4_IJSL_SU_SV_NSG_IJLi5ELi6ELi7EEEENSG_IJLi8ELi9ELi10EEEEEEENSG_IJLi5ELi6ELi7ELi8ELi9ELi10EEEElEENS_31BlockToCTileMap_M00_N00_M01_N01ILi128ELi128ESX_Lb0EEELb1ELb1EEEvPKT0_S23_PT1_T2_T3_T4_T5_.kd,2
4,"mfma_f32_16x16x4f32_gemm_kernel(float const*, float const*, float*, int, int, int) ",2
5,_kernel_0d1d2d3d4d5d6d7c8d9c10d11c.kd,2
6,"void elementwise_kernel<FillFunctor, Array >(int, FillFunctor<int>, Array<char*, 1>) ",2
7,_kernel_0d1d2d3d4d5d6d7c8d9c10d11c.kd,2
8,"void elementwise_kernel<FillFunctor, Array >(int, FillFunctor<int>, Array<char*, 1>) ",2
9,_kernel_0d1d2d3d4d5d6d7c8d9c10d11c.kd,2
10,"void elementwise_kernel<FillFunctor, Array >(int, FillFunctor<int>, Array<char*, 1>) ",2
11,_kernel_0d1d2d3d4d5d6d7c8d9c10d11c.kd,2
12,"void elementwise_kernel<FillFunctor, Array >(int, FillFunctor<int>, Array<char*, 1>) ",2
13,_kernel_0d1d2d3d4d5d6d7c8d9c10d11c.kd,2
14,"void elementwise_kernel<FillFunctor, Array >(int, FillFunctor<int>, Array<char*, 1>) ",2
15,_kernel_0d1d2d3d4d5d6d7c8d9c10d11c.kd,2
16,_kernel_0d1d2d3d4d5d6d7c8d9c10d11c.kd,2
17,"void elementwise_kernel<FillFunctor, Array >(int, FillFunctor<int>, Array<char*, 1>) ",2
18,_kernel_0d1d2d3d4d5d6d7c8d9c10d11c.kd,2
19,"void elementwise_kernel<FillFunctor, Array >(int, FillFunctor<int>, Array<char*, 1>) ",2
20,_kernel_0d1d2d3d4d5d6d7c8d9c10d11c.kd,2
21,"void elementwise_kernel<FillFunctor, Array >(int, FillFunctor<int>, Array<char*, 1>) ",2
22,_kernel_0d1d2d3d4d5d6d7c8d9c10d11c.kd,2
23,_kernel_0d1d2d3d4d5d6d7c8d9c10d11c.kd,2
24,"void elementwise_kernel<FillFunctor, Array >(int, FillFunctor<int>, Array<char*, 1>) ",2
25,_kernel_0d1d2d3d4d5d6d7c8d9c10d11c.kd,2
26,"void elementwise_kernel<FillFunctor, Array >(int, FillFunctor<int>, Array<char*, 1>) ",2
27,_kernel_0d1d2d3d4d5d6d7c8d9c10d11c.kd,2
28,"void elementwise_kernel<FillFunctor, Array >(int, FillFunctor<int>, Array<char*, 1>) ",2
29,_kernel_0d1d2d3d4d5d6d7c8d9c10d11c.kd,2
30,"void elementwise_kernel<FillFunctor, Array >(int, FillFunctor<int>, Array<char*, 1>) ",2
31,_kernel_0d1d2d3d4d5d6d7c8d9c10d11c.kd,2
32,"void elementwise_kernel<FillFunctor, Array >(int, FillFunctor<int>, Array<char*, 1>) ",2
33,_kernel_0d1d2d3d4d5d6d7c8d9c10d11c.kd,2
34,_kernel_0d1d2d3d4d5d6d7c8d9c10d11c.kd,2
35,"void elementwise_kernel<FillFunctor, Array >(int, FillFunctor<int>, Array<char*, 1>) ",2
36,_kernel_0d1d2d3d4d5d6d7c8d9c10d11c.kd,2
37,"void elementwise_kernel<FillFunctor, Array >(int, FillFunctor<int>, Array<char*, 1>) ",2
38,_kernel_0d1d2d3d4d5d6d7c8d9c10d11c.kd,2
39,"void elementwise_kernel<FillFunctor, Array >(int, FillFunctor<int>, Array<char*, 1>) ",2
40,_kernel_0d1d2d3d4d5d6d7c8d9c10d11c.kd,2
41,"void elementwise_kernel<FillFunctor, Array >(int, FillFunctor<float>, Array<char*, 1>) ",2
42,_kernel_0d1d2d3d4d5d6d7c8d9c10d11c.kd,2
43,"void elementwise_kernel<FillFunctor, Array >(int, FillFunctor<int>, Array<char*, 1>) ",2
44,"void elementwise_kernel<FillFunctor, Array >(int, FillFunctor<float>, Array<char*, 1>) ",2
45,_kernel_0d1d2d3d4d5d6d7c8d9c10d11c.kd,2
46,"void elementwise_kernel<FillFunctor, Array >(int, FillFunctor<int>, Array<char*, 1>) ",2
47,"void elementwise_kernel<FillFunctor, Array >(int, FillFunctor<float>, Array<char*, 1>) ",2
48,_kernel_0d1d2d3d4d5d6d7c8d9c10d11c.kd,2
49,"void elementwise_kernel<FillFunctor, Array >(int, FillFunctor<int>, Array<char*, 1>) ",2
50,"void elementwise_kernel<FillFunctor, Array >(int, FillFunctor<float>, Array<char*, 1>) ",2
51,_kernel_0d1d2d3d4d5d6d7c8d9c10d11c.kd,2
52,"void elementwise_kernel<FillFunctor, Array >(int, FillFunctor<int>, Array<char*, 1>) ",2
53,"void elementwise_kernel<FillFunctor, Array >(int, FillFunctor<float>, Array<char*, 1>) ",2
54,_kernel_0d1d2d3d4d5d6d7c8d9c10d11c.kd,2
55,"void elementwise_kernel<FillFunctor, Array >(int, FillFunctor<int>, Array<char*, 1>) ",2
56,"void elementwise_kernel<FillFunctor, Array >(int, FillFunctor<float>, Array<char*, 1>) ",2
57,_kernel_0d1d2d3d4d5d6d7c8d9c10d11c.kd,2
58,"void elementwise_kernel<FillFunctor, Array >(int, FillFunctor<float>, Array<char*, 1>) ",2
59,_kernel_0d1d2d3d4d5d6d7c8d9c10d11c.kd,2
60,"void elementwise_kernel<FillFunctor, Array >(int, FillFunctor<int>, Array<char*, 1>) ",2
61,"void elementwise_kernel<FillFunctor, Array >(int, FillFunctor<float>, Array<char*, 1>) ",2
62,_kernel_0d1d2d3d4d5d6d7c8d9c10d11c.kd,2
63,"void elementwise_kernel<FillFunctor, Array >(int, FillFunctor<int>, Array<char*, 1>) ",2
64,"void elementwise_kernel<FillFunctor, Array >(int, FillFunctor<float>, Array<char*, 1>) ",2
65,_kernel_0d1d2d3d4d5d6d7c8d9c10d11c.kd,2
66,"void elementwise_kernel<FillFunctor, Array >(int, FillFunctor<int>, Array<char*, 1>) ",2
67,"void elementwise_kernel<FillFunctor, Array >(int, FillFunctor<float>, Array<char*, 1>) ",2
68,_kernel_0d1d2d3d4d5d6d7c8d9c10d11c.kd,2
69,"void elementwise_kernel<FillFunctor, Array >(int, FillFunctor<float>, Array<char*, 1>) ",2
70,_kernel_0d1d2d3d4d5d6d7c8d9c10d11c.kd,2
71,"void elementwise_kernel<FillFunctor, Array >(int, FillFunctor<int>, Array<char*, 1>) ",2
72,"void elementwise_kernel<FillFunctor, Array >(int, FillFunctor<float>, Array<char*, 1>) ",2
73,_kernel_0d1d2d3d4d5d6d7c8d9c10d11c.kd,2
74,"void elementwise_kernel<FillFunctor, Array >(int, FillFunctor<int>, Array<char*, 1>) ",2
75,"void elementwise_kernel<FillFunctor, Array >(int, FillFunctor<float>, Array<char*, 1>) ",2
76,_kernel_0d1d2d3d4d5d6d7c8d9c10d11c.kd,2
77,"void elementwise_kernel<FillFunctor, Array >(int, FillFunctor<int>, Array<char*, 1>) ",2
78,"void elementwise_kernel<FillFunctor, Array >(int, FillFunctor<float>, Array<char*, 1>) ",2
79,_kernel_0d1d2d3d4d5d6d7c8d9c10d11c.kd,2
80,"void elementwise_kernel<FillFunctor, Array >(int, FillFunctor<int>, Array<char*, 1>) ",2
81,"void elementwise_kernel<FillFunctor, Array >(int, FillFunctor<float>, Array<char*, 1>) ",2
82,_kernel_0d1d2d3d4d5d6d7c8d9c10d11c.kd,2
83,"void elementwise_kernel<FillFunctor, Array >(int, FillFunctor<int>, Array<char*, 1>) ",2
84,"void elementwise_kernel<FillFunctor, Array >(int, FillFunctor<float>, Array<char*, 1>) ",2
85,_kernel_0d1d2d3d4d5d6d7c8d9c10d11c.kd,2
86,"void elementwise_kernel<FillFunctor, Array >(int, FillFunctor<float>, Array<char*, 1>) ",2
87,_kernel_0d1d2d3d4d5d6d7c8d9c10d11c.kd,2
88,"void elementwise_kernel<FillFunctor, Array >(int, FillFunctor<int>, Array<char*, 1>) ",2
89,"void elementwise_kernel<FillFunctor, Array >(int, FillFunctor<float>, Array<char*, 1>) ",2
90,_kernel_0d1d2d3d4d5d6d7c8d9c10d11c.kd,2
91,"void elementwise_kernel<FillFunctor, Array >(int, FillFunctor<int>, Array<char*, 1>) ",2
92,"void elementwise_kernel<FillFunctor, Array >(int, FillFunctor<float>, Array<char*, 1>) ",2
93,_kernel_0d1d2d3d4d5d6d7c8d9c10d11c.kd,2
94,"void elementwise_kernel<FillFunctor, Array >(int, FillFunctor<int>, Array<char*, 1>) ",2
95,"void elementwise_kernel<FillFunctor, Array >(int, FillFunctor<float>, Array<char*, 1>) ",2
96,_kernel_0d1d2d3d4d5d6d7c8d9c10d11c.kd,2
97,"void elementwise_kernel<FillFunctor, Array >(int, FillFunctor<float>, Array<char*, 1>) ",2
98,_kernel_0d1d2d3d4d5d6d7c8d9c10d11c.kd,2
99,"void elementwise_kernel<FillFunctor, Array >(int, FillFunctor<int>, Array<char*, 1>) ",2
100,"void elementwise_kernel<FillFunctor, Array >(int, FillFunctor<float>, Array<char*, 1>) ",2
101,_kernel_0d1d2d3d4d5d6d7c8d9c10d11c.kd,2
102,"void elementwise_kernel<FillFunctor, Array >(int, FillFunctor<int>, Array<char*, 1>) ",2
103,"void elementwise_kernel<FillFunctor, Array >(int, FillFunctor<float>, Array<char*, 1>) ",2
104,_kernel_0d1d2d3d4d5d6d7c8d9c10d11c.kd,2
105,"void elementwise_kernel<FillFunctor, Array >(int, FillFunctor<int>, Array<char*, 1>) ",2
106,"void elementwise_kernel<FillFunctor, Array >(int, FillFunctor<float>, Array<char*, 1>) ",2
107,_kernel_0d1d2d3d4d5d6d7c8d9c10d11c.kd,2
108,"void elementwise_kernel<FillFunctor, Array >(int, FillFunctor<int>, Array<char*, 1>) ",2
109,"void elementwise_kernel<FillFunctor, Array >(int, FillFunctor<float>, Array<char*, 1>) ",2
110,_kernel_0d1d2d3d4d5d6d7c8d9c10d11c.kd,2
111,"void elementwise_kernel<FillFunctor, Array >(int, FillFunctor<int>, Array<char*, 1>) ",2
112,"void elementwise_kernel<FillFunctor, Array >(int, FillFunctor<float>, Array<char*, 1>) ",2
113,_kernel_0d1d2d3d4d5d6d7c8d9c10d11c.kd,2
114,"void elementwise_kernel<FillFunctor, Array >(int, FillFunctor<float>, Array<char*, 1>) ",2
115,_kernel_0d1d2d3d4d5d6d7c8d9c10d11c.kd,2
116,"void elementwise_kernel<FillFunctor, Array >(int, FillFunctor<int>, Array<char*, 1>) ",2
117,"void elementwise_kernel<FillFunctor, Array >(int, FillFunctor<float>, Array<char*, 1>) ",2
118,_kernel_0d1d2d3d4d5d6d7c8d9c10d11c.kd,2
119,"void elementwise_kernel<FillFunctor, Array >(int, FillFunctor<int>, Array<char*, 1>) ",2
120,"void elementwise_kernel<FillFunctor, Array >(int, FillFunctor<float>, Array<char*, 1>) ",2
121,_kernel_0d1d2d3d4d5d6d7c8d9c10d11c.kd,2
122,"void elementwise_kernel<FillFunctor, Array >(int, FillFunctor<int>, Array<char*, 1>) ",2
123,"void elementwise_kernel<FillFunctor, Array >(int, FillFunctor<float>, Array<char*, 1>) ",2
124,_kernel_0d1d2d3d4d5d6d7c8d9c10d11c.kd,2
125,"void elementwise_kernel<FillFunctor, Array >(int, FillFunctor<float>, Array<char*, 1>) ",2
126,_kernel_0d1d2d3d4d5d6d7c8d9c10d11c.kd,2
127,"void elementwise_kernel<FillFunctor, Array >(int, FillFunctor<int>, Array<char*, 1>) ",2
128,"void elementwise_kernel<FillFunctor, Array >(int, FillFunctor<float>, Array<char*, 1>) ",2
129,_kernel_0d1d2d3d4d5d6d7c8d9c10d11c.kd,2
130,"void elementwise_kernel<FillFunctor, Array >(int, FillFunctor<int>, Array<char*, 1>) ",2
131,"void elementwise_kernel<FillFunctor, Array >(int, FillFunctor<float>, Array<char*, 1>) ",2
132,_kernel_0d1d2d3d4d5d6d7c8d9c10d11c.kd,2
133,"void elementwise_kernel<FillFunctor, Array >(int, FillFunctor<int>, Array<char*, 1>) ",2
134,"void elementwise_kernel<FillFunctor, Array >(int, FillFunctor<float>, Array<char*, 1>) ",2
135,_kernel_0d1d2d3d4d5d6d7c8d9c10d11c.kd,2
136,"void elementwise_kernel<FillFunctor, Array >(int, FillFunctor<int>, Array<char*, 1>) ",2
137,"void elementwise_kernel<FillFunctor, Array >(int, FillFunctor<float>, Array<char*, 1>) ",2
138,_kernel_0d1d2d3d4d5d6d7c8d9c10d11c.kd,2
139,"void elementwise_kernel<FillFunctor, Array >(int, FillFunctor<int>, Array<char*, 1>) ",2
140,"void elementwise_kernel<FillFunctor, Array >(int, FillFunctor<float>, Array<char*, 1>) ",2
141,_kernel_0d1d2d3d4d5d6d7c8d9c10d11c.kd,2
142,"void elementwise_kernel<FillFunctor, Array >(int, FillFunctor<float>, Array<char*, 1>) ",2
143,_kernel_0d1d2d3d4d5d6d7c8d9c10d11c.kd,2
144,"void elementwise_kernel<FillFunctor, Array >(int, FillFunctor<int>, Array<char*, 1>) ",2
145,"void elementwise_kernel<FillFunctor, Array >(int, FillFunctor<float>, Array<char*, 1>) ",2
146,_kernel_0d1d2d3d4d5d6d7c8d9c10d11c.kd,2
147,"void elementwise_kernel<FillFunctor, Array >(int, FillFunctor<int>, Array<char*, 1>) ",2
148,"void elementwise_kernel<FillFunctor, Array >(int, FillFunctor<float>, Array<char*, 1>) ",2
149,_kernel_0d1d2d3d4d5d6d7c8d9c10d11c.kd,2
150,"void elementwise_kernel<FillFunctor, Array >(int, FillFunctor<int>, Array<char*, 1>) ",2
151,"void elementwise_kernel<FillFunctor, Array >(int, FillFunctor<float>, Array<char*, 1>) ",2
152,_kernel_0d1d2d3d4d5d6d7c8d9c10d11c.kd,2
153,"void elementwise_kernel<FillFunctor, Array >(int, FillFunctor<float>, Array<char*, 1>) ",2
154,_kernel_0d1d2d3d4d5d6d7c8d9c10d11c.kd,2
155,"void elementwise_kernel<FillFunctor, Array >(int, FillFunctor<int>, Array<char*, 1>) ",2
156,"void elementwise_kernel<FillFunctor, Array >(int, FillFunctor<float>, Array<char*, 1>) ",2
157,_kernel_0d1d2d3d4d5d6d7c8d9c10d11c.kd,2
158,"void elementwise_kernel<FillFunctor, Array >(int, FillFunctor<int>, Array<char*, 1>) ",2
159,"void elementwise_kernel<FillFunctor, Array >(int, FillFunctor<float>, Array<char*, 1>) ",2
160,_kernel_0d1d2d3d4d5d6d7c8d9c10d11c.kd,2
161,"void elementwise_kernel<FillFunctor, Array >(int, FillFunctor<int>, Array<char*, 1>) ",2
162,"void elementwise_kernel<FillFunctor, Array >(int, FillFunctor<float>, Array<char*, 1>) ",2
163,_kernel_0d1d2d3d4d5d6d7c8d9c10d11c.kd,2
164,"void elementwise_kernel<FillFunctor, Array >(int, FillFunctor<int>, Array<char*, 1>) ",2
165,"void elementwise_kernel<FillFunctor, Array >(int, FillFunctor<float>, Array<char*, 1>) ",2
166,_kernel_0d1d2d3d4d5d6d7c8d9c10d11c.kd,2
167,"void elementwise_kernel<FillFunctor, Array >(int, FillFunctor<int>, Array<char*, 1>) ",2
168,"void elementwise_kernel<FillFunctor, Array >(int, FillFunctor<float>, Array<char*, 1>) ",2
169,_kernel_0d1d2d3d4d5d6d7c8d9c10d11c.kd,2
170,"void elementwise_kernel<FillFunctor, Array >(int, FillFunctor<float>, Array<char*, 1>) ",2
171,_kernel_0d1d2d3d4d5d6d7c8d9c10d11c.kd,2
172,"void elementwise_kernel<FillFunctor, Array >(int, FillFunctor<int>, Array<char*, 1>) ",2
173,"void elementwise_kernel<FillFunctor, Array >(int, FillFunctor<float>, Array<char*, 1>) ",2
174,_kernel_0d1d2d3d4d5d6d7c8d9c10d11c.kd,2
175,"void elementwise_kernel<FillFunctor, Array >(int, FillFunctor<int>, Array<char*, 1>) ",2
176,"void elementwise_kernel<FillFunctor, Array >(int, FillFunctor<float>, Array<char*, 1>) ",2
177,_kernel_0d1d2d3d4d5d6d7c8d9c10d11c.kd,2
178,"void elementwise_kernel<FillFunctor, Array >(int, FillFunctor<int>, Array<char*, 1>) ",2
179,"void elementwise_kernel<FillFunctor, Array >(int, FillFunctor<float>, Array<char*, 1>) ",2
180,_kernel_0d1d2d3d4d5d6d7c8d9c10d11c.kd,2
181,"void elementwise_kernel<FillFunctor, Array >(int, FillFunctor<float>, Array<char*, 1>) ",2
182,_kernel_0d1d2d3d4d5d6d7c8d9c10d11c.kd,2
183,"void elementwise_kernel<FillFunctor, Array >(int, FillFunctor<int>, Array<char*, 1>) ",2
184,"void elementwise_kernel<FillFunctor, Array >(int, FillFunctor<float>, Array<char*, 1>) ",2
185,_kernel_0d1d2d3d4d5d6d7c8d9c10d11c.kd,2
186,"void elementwise_kernel<FillFunctor, Array >(int, FillFunctor<int>, Array<char*, 1>) ",2
187,"void elementwise_kernel<FillFunctor, Array >(int, FillFunctor<float>, Array<char*, 1>) ",2
188,_kernel_0d1d2d3d4d5d6d7c8d9c10d11c.kd,2
189,"void elementwise_kernel<FillFunctor, Array >(int, FillFunctor<int>, Array<char*, 1>) ",2
190,"void elementwise_kernel<FillFunctor, Array >(int, FillFunctor<float>, Array<char*, 1>) ",2
191,_kernel_0d1d2d3d4d5d6d7c8d9c10d11c.kd,2
192,"void elementwise_kernel<FillFunctor, Array >(int, FillFunctor<int>, Array<char*, 1>) ",2
193,"void elementwise_kernel<FillFunctor, Array >(int, FillFunctor<float>, Array<char*, 1>) ",2
194,_kernel_0d1d2d3d4d5d6d7c8d9c10d11c.kd,2
195,"void elementwise_kernel<FillFunctor, Array >(int, FillFunctor<int>, Array<char*, 1>) ",2
196,"void elementwise_kernel<FillFunctor, Array >(int, FillFunctor<float>, Array<char*, 1>) ",2
197,_kernel_0d1d2d3d4d5d6d7c8d9c10d11c.kd,2
198,"void elementwise_kernel<FillFunctor, Array >(int, FillFunctor<float>, Array<char*, 1>) ",2
199,_kernel_0d1d2d3d4d5d6d7c8d9c10d11c.kd,2
200,"void elementwise_kernel<FillFunctor, Array >(int, FillFunctor<int>, Array<char*, 1>) ",2
201,"void elementwise_kernel<FillFunctor, Array >(int, FillFunctor<float>, Array<char*, 1>) ",2
202,_kernel_0d1d2d3d4d5d6d7c8d9c10d11c.kd,2
203,"void elementwise_kernel<FillFunctor, Array >(int, FillFunctor<int>, Array<char*, 1>) ",2
204,"void elementwise_kernel<FillFunctor, Array >(int, FillFunctor<float>, Array<char*, 1>) ",2
205,_kernel_0d1d2d3d4d5d6d7c8d9c10d11c.kd,2
206,"void elementwise_kernel<FillFunctor, Array >(int, FillFunctor<int>, Array<char*, 1>) ",2
207,"void elementwise_kernel<FillFunctor, Array >(int, FillFunctor<float>, Array<char*, 1>) ",2
208,_kernel_0d1d2d3d4d5d6d7c8d9c10d11c.kd,2
209,_kernel_0d1d2d3d4d5d6d7c8d9c10d11c.kd,2
210,"void elementwise_kernel<FillFunctor, Array >(int, FillFunctor<int>, Array<char*, 1>) ",2
211,_kernel_0d1d2d3d4d5d6d7c8d9c10d11c.kd,2
212,"void elementwise_kernel<FillFunctor, Array >(int, FillFunctor<int>, Array<char*, 1>) ",2
213,_kernel_0d1d2d3d4d5d6d7c8d9c10d11c.kd,2
214,"void elementwise_kernel<FillFunctor, Array >(int, FillFunctor<int>, Array<char*, 1>) ",2
215,_kernel_0d1d2d3d4d5d6d7c8d9c10d11c.kd,2
216,"void elementwise_kernel<FillFunctor, Array >(int, FillFunctor<int>, Array<char*, 1>) ",2
217,_kernel_0d1d2d3d4d5d6d7c8d9c10d11c.kd,2
218,"void elementwise_kernel<FillFunctor, Array >(int, FillFunctor<int>, Array<char*, 1>) ",2
219,_kernel_0d1d2d3d4d5d6d7c8d9c10d11c.kd,2
220,_kernel_0d1d2d3d4d5d6d7c8d9c10d11c.kd,2
221,"void elementwise_kernel<FillFunctor, Array >(int, FillFunctor<int>, Array<char*, 1>) ",2
222,_kernel_0d1d2d3d4d5d6d7c8d9c10d11c.kd,2
223,"void elementwise_kernel<FillFunctor, Array >(int, FillFunctor<int>, Array<char*, 1>) ",2
224,_kernel_0d1d2d3d4d5d6d7c8d9c10d11c.kd,2
225,_kernel_0d1d2d3d4d5d6d7c8d9c10d11c.kd,2
226,"void elementwise_kernel<FillFunctor, Array >(int, FillFunctor<int>, Array<char*, 1>) ",2
227,_kernel_0d1d2d3d4d5d6d7c8d9c10d11c.kd,2
228,"void elementwise_kernel<FillFunctor, Array >(int, FillFunctor<int>, Array<char*, 1>) ",2
229,_kernel_0d1d2d3d4d5d6d7c8d9c10d11c.kd,2
230,"void elementwise_kernel<FillFunctor, Array >(int, FillFunctor<int>, Array<char*, 1>) ",2
231,_kernel_0d1d2d3d4d5d6d7c8d9c10d11c.kd,2
232,"void elementwise_kernel<FillFunctor, Array >(int, FillFunctor<int>, Array<char*, 1>) ",2
233,_kernel_0d1d2d3d4d5d6d7c8d9c10d11c.kd,2
234,"void elementwise_kernel<FillFunctor, Array >(int, FillFunctor<int>, Array<char*, 1>) ",2
235,_kernel_0d1d2d3d4d5d6d7c8d9c10d11c.kd,2
236,_kernel_0d1d2d3d4d5d6d7c8d9c10d11c.kd,2
237,"void elementwise_kernel<FillFunctor, Array >(int, FillFunctor<int>, Array<char*, 1>) ",2
238,_kernel_0d1d2d3d4d5d6d7c8d9c10d11c.kd,2
239,"void elementwise_kernel<FillFunctor, Array >(int, FillFunctor<int>, Array<char*, 1>) ",2
240,_kernel_0d1d2d3d4d5d6d7c8d9c10d11c.kd,2
241,_kernel_0d1d2d3d4d5d6d7c8d9c10d11c.kd,2
